<?xml version="1.0" encoding="UTF-8"?>
<!DOCTYPE mapper PUBLIC "-//mybatis.org//DTD Mapper 3.0//EN" "http://mybatis.org/dtd/mybatis-3-mapper.dtd">
<mapper namespace="com.example.community.dao.SysConfigDao">

    <resultMap type="com.example.community.entity.SysConfig" id="SysConfigMap">
        <result property="configId" column="config_id" jdbcType="INTEGER"/>
        <result property="configName" column="config_name" jdbcType="VARCHAR"/>
        <result property="configKey" column="config_key" jdbcType="VARCHAR"/>
        <result property="configValue" column="config_value" jdbcType="VARCHAR"/>
        <result property="configType" column="config_type" jdbcType="VARCHAR"/>
        <result property="createBy" column="create_by" jdbcType="VARCHAR"/>
        <result property="createTime" column="create_time" jdbcType="TIMESTAMP"/>
        <result property="updateBy" column="update_by" jdbcType="VARCHAR"/>
        <result property="updateTime" column="update_time" jdbcType="TIMESTAMP"/>
        <result property="remark" column="remark" jdbcType="VARCHAR"/>
    </resultMap>

    <!-- 批量插入 -->
    <insert id="insertBatch" keyProperty="configId" useGeneratedKeys="true">
        insert into zy-community.sys_config(config_name, config_key, config_value, config_type, create_by, create_time, update_by, update_time, remark)
        values
        <foreach collection="entities" item="entity" separator=",">
        (#{entity.configName}, #{entity.configKey}, #{entity.configValue}, #{entity.configType}, #{entity.createBy}, #{entity.createTime}, #{entity.updateBy}, #{entity.updateTime}, #{entity.remark})
        </foreach>
    </insert>
    <!-- 批量插入或按主键更新 -->
    <insert id="insertOrUpdateBatch" keyProperty="configId" useGeneratedKeys="true">
        insert into zy-community.sys_config(config_name, config_key, config_value, config_type, create_by, create_time, update_by, update_time, remark)
        values
        <foreach collection="entities" item="entity" separator=",">
            (#{entity.configName}, #{entity.configKey}, #{entity.configValue}, #{entity.configType}, #{entity.createBy}, #{entity.createTime}, #{entity.updateBy}, #{entity.updateTime}, #{entity.remark})
        </foreach>
        on duplicate key update
         config_name = values(config_name) , config_key = values(config_key) , config_value = values(config_value) , config_type = values(config_type) , create_by = values(create_by) , create_time = values(create_time) , update_by = values(update_by) , update_time = values(update_time) , remark = values(remark)     </insert>

</mapper>

