<?xml version="1.0" encoding="UTF-8"?>
<!DOCTYPE mapper PUBLIC "-//mybatis.org//DTD Mapper 3.0//EN" "http://mybatis.org/dtd/mybatis-3-mapper.dtd">
<mapper namespace="com.example.community.dao.SysDictTypeDao">

    <resultMap type="com.example.community.entity.SysDictType" id="SysDictTypeMap">
        <result property="dictId" column="dict_id" jdbcType="INTEGER"/>
        <result property="dictName" column="dict_name" jdbcType="VARCHAR"/>
        <result property="dictType" column="dict_type" jdbcType="VARCHAR"/>
        <result property="status" column="status" jdbcType="VARCHAR"/>
        <result property="createBy" column="create_by" jdbcType="VARCHAR"/>
        <result property="createTime" column="create_time" jdbcType="TIMESTAMP"/>
        <result property="updateBy" column="update_by" jdbcType="VARCHAR"/>
        <result property="updateTime" column="update_time" jdbcType="TIMESTAMP"/>
        <result property="remark" column="remark" jdbcType="VARCHAR"/>
    </resultMap>

    <!-- 批量插入 -->
    <insert id="insertBatch" keyProperty="dictId" useGeneratedKeys="true">
        insert into zy-community.sys_dict_type(dict_name, dict_type, status, create_by, create_time, update_by,
        update_time, remark)
        values
        <foreach collection="entities" item="entity" separator=",">
            (#{entity.dictName}, #{entity.dictType}, #{entity.status}, #{entity.createBy}, #{entity.createTime},
            #{entity.updateBy}, #{entity.updateTime}, #{entity.remark})
        </foreach>
    </insert>
    <!-- 批量插入或按主键更新 -->
    <insert id="insertOrUpdateBatch" keyProperty="dictId" useGeneratedKeys="true">
        insert into zy-community.sys_dict_type(dict_name, dict_type, status, create_by, create_time, update_by,
        update_time, remark)
        values
        <foreach collection="entities" item="entity" separator=",">
            (#{entity.dictName}, #{entity.dictType}, #{entity.status}, #{entity.createBy}, #{entity.createTime},
            #{entity.updateBy}, #{entity.updateTime}, #{entity.remark})
        </foreach>
        on duplicate key update
        dict_name = values(dict_name) , dict_type = values(dict_type) , status = values(status) , create_by =
        values(create_by) , create_time = values(create_time) , update_by = values(update_by) , update_time =
        values(update_time) , remark = values(remark)
    </insert>


    <update id="updDictType" parameterType="com.example.community.entity.SysDictType">
        UPDATE sys_dict_type
        <set>
            <if test="dictName != null and dictName != ''">
                dict_name = #{dictName},
            </if>
            <if test="dictType != null and dictType != ''">
                dict_type = #{dictType},
            </if>
            <if test="status != null and status != ''">
                status = #{status},
            </if>
            <if test="createBy != null and createBy != ''">
                create_by = #{createBy},
            </if>
            <if test="createTime != null and createTime != ''">
                create_time = #{createTime},
            </if>
            <if test="updateBy != null and updateBy != ''">
                update_by = #{updateBy},
            </if>
            <if test="updateTime != null and updateTime != ''">
             update_time = #{updateTime},
            </if>
            <if test="remark != null and remark != ''">
                remark = #{remark}
            </if>
        </set>
        <where>
            <if test="dictId != null and dictId != ''">
                dict_id = #{dictId}
            </if>
        </where>
    </update>

<!--批量删除-->
    <delete id="deleteDictType">
        delete from sys_dict_type where dict_id in
        <foreach collection="id" item="num" index="index" open="(" close=")" separator=",">
            #{num}
        </foreach>
    </delete>


    <select id="getDeriveList" resultType="com.example.community.entity.SysDictType">
        SELECT * FROM sys_dict_type WHERE 1=1
        <if test="list!=null">
            and
            dict_id in
            <foreach collection="list" item="num" index="index" open="(" close=")" separator=",">
                #{num}
            </foreach>
        </if>

    </select>

    <select id="selectDictType" resultType="com.example.community.entity.SysDictType">
        select * from sys_dict_type
        <where>
            <if test="sysDictType.dictName != null and sysDictType.dictName !=''">
                and dict_name like concat('%',#{sysDictType.dictName},'%')
            </if>
            <if test="sysDictType.dictType != null and sysDictType.dictType !=''">
                and dict_type like concat('%', #{sysDictType.dictType}, '%')
            </if>
            <if test="sysDictType.status != null and sysDictType.status !=''">
                and status = #{sysDictType.status}
            </if>
            <if test="sysDictType.createTime != null and sysDictType.createTime !=''">
                and DATE_FORMAT(create_time, '%y%m%d') &gt; DATE_FORMAT(#{sysDictType.createTime}, '%y%m%d')
            </if>
        </where>
        <if test="size > 0">
            limit #{index},#{size}
        </if>

    </select>
    <select id="count" resultType="java.lang.Long">
        select count(*) from sys_dict_type
        <where>
            <if test="sysDictType.dictName != null and sysDictType.dictName !=''">
                and dict_name like concat('%',#{sysDictType.dictName},'%')
            </if>
            <if test="sysDictType.dictType != null and sysDictType.dictType !=''">
                and dict_type like concat('%', #{sysDictType.dictType}, '%')
            </if>
            <if test="sysDictType.status != null and sysDictType.status !=''">
                and status = #{sysDictType.status}
            </if>
            <if test="sysDictType.createTime != null and sysDictType.createTime !=''">
                and DATE_FORMAT(create_time, '%y%m%d') &gt; DATE_FORMAT(#{sysDictType.createTime}, '%y%m%d')
            </if>
        </where>
    </select>

    <select id="selectDictTypeName" resultType="com.example.community.entity.SysDictType">
        select *
        from sys_dict_type
        where dict_name = #{name}
    </select>




    <select id="selDictType" resultType="com.example.community.entity.SysDictType">
        select * from sys_dict_type  where dict_name = #{name};
    </select>

    <select id="getDictOptionselect" resultType="com.example.community.entity.SysDictType">
             select * from sys_dict_type
             <if test="dictId!=null">
                 where dict_id=#{dictId}
             </if>
    </select>

    <select id="getDictType" resultType="com.example.community.entity.SysDictType">
        		select  *  from sys_dict_type where  dict_type=#{type}
    </select>


    <insert id="insType" keyProperty="dictId" useGeneratedKeys="true">
        insert into
        sys_dict_type
        (
        dict_name, dict_type,status,create_time
        <if test="remark != null and remark != ''">
            ,remark
        </if>
        )
        values
        <trim prefix="(" suffix=")" suffixOverrides=",">
        #{dictName}, #{dictType}, #{status}, now(),
        <if test="remark != null and remark != ''">
        #{remark}
        </if>
        </trim>
    </insert>

</mapper>

