<?xml version="1.0" encoding="UTF-8"?>
<!DOCTYPE mapper PUBLIC "-//mybatis.org//DTD Mapper 3.0//EN" "http://mybatis.org/dtd/mybatis-3-mapper.dtd">
<mapper namespace="com.example.community.dao.SysDeptDao">

    <resultMap type="com.example.community.entity.SysDept" id="SysDeptMap">
        <result property="deptId" column="dept_id" jdbcType="INTEGER"/>
        <result property="parentId" column="parent_id" jdbcType="INTEGER"/>
        <result property="ancestors" column="ancestors" jdbcType="VARCHAR"/>
        <result property="deptName" column="dept_name" jdbcType="VARCHAR"/>
        <result property="orderNum" column="order_num" jdbcType="INTEGER"/>
        <result property="leader" column="leader" jdbcType="VARCHAR"/>
        <result property="phone" column="phone" jdbcType="VARCHAR"/>
        <result property="email" column="email" jdbcType="VARCHAR"/>
        <result property="status" column="status" jdbcType="VARCHAR"/>
        <result property="delFlag" column="del_flag" jdbcType="VARCHAR"/>
        <result property="createBy" column="create_by" jdbcType="VARCHAR"/>
        <result property="createTime" column="create_time" jdbcType="TIMESTAMP"/>
        <result property="updateBy" column="update_by" jdbcType="VARCHAR"/>
        <result property="updateTime" column="update_time" jdbcType="TIMESTAMP"/>
    </resultMap>

    <!-- 批量插入 -->
    <insert id="insertBatch" keyProperty="deptId" useGeneratedKeys="true">
        insert into zy-community.sys_dept(parent_id, ancestors, dept_name, order_num, leader, phone, email, status,
        del_flag, create_by, create_time, update_by, update_time)
        values
        <foreach collection="entities" item="entity" separator=",">
            (#{entity.parentId}, #{entity.ancestors}, #{entity.deptName}, #{entity.orderNum}, #{entity.leader},
            #{entity.phone}, #{entity.email}, #{entity.status}, #{entity.delFlag}, #{entity.createBy},
            #{entity.createTime}, #{entity.updateBy}, #{entity.updateTime})
        </foreach>
    </insert>
    <!-- 批量插入或按主键更新 -->
    <insert id="insertOrUpdateBatch" keyProperty="deptId" useGeneratedKeys="true">
        insert into zy-community.sys_dept(parent_id, ancestors, dept_name, order_num, leader, phone, email, status,
        del_flag, create_by, create_time, update_by, update_time)
        values
        <foreach collection="entities" item="entity" separator=",">
            (#{entity.parentId}, #{entity.ancestors}, #{entity.deptName}, #{entity.orderNum}, #{entity.leader},
            #{entity.phone}, #{entity.email}, #{entity.status}, #{entity.delFlag}, #{entity.createBy},
            #{entity.createTime}, #{entity.updateBy}, #{entity.updateTime})
        </foreach>
        on duplicate key update
        parent_id = values(parent_id) , ancestors = values(ancestors) , dept_name = values(dept_name) , order_num =
        values(order_num) , leader = values(leader) , phone = values(phone) , email = values(email) , status =
        values(status) , del_flag = values(del_flag) , create_by = values(create_by) , create_time = values(create_time)
        , update_by = values(update_by) , update_time = values(update_time)
    </insert>
    <insert id="insetDept">
        insert into sys_dept
        <trim prefix="(" suffix=")" suffixOverrides=",">
            <if test="parentId != null">parent_id,</if>
            <if test="ancestors != null">ancestors,</if>
            <if test="deptName != null">dept_name,</if>
            <if test="orderNum != null">order_num,</if>
            <if test="leader != null">leader,</if>
            <if test="phone != null">phone,</if>
            <if test="email != null">email,</if>
            <if test="status != null">status,</if>
            <if test="delFlag != null">del_flag,</if>
            <if test="createBy != null">create_by,</if>
            <if test="createTime != null">create_time,</if>
            <if test="updateBy != null">update_by,</if>
            <if test="updateTime != null">update_time,</if>
        </trim>
        values
        <trim prefix="(" suffix=")" suffixOverrides=",">
            <if test="parentId != null">#{parentId},</if>
            <if test="ancestors != null">#{ancestors},</if>
            <if test="deptName != null">#{deptName},</if>
            <if test="orderNum != null">#{orderNum},</if>
            <if test="leader != null">#{leader},</if>
            <if test="phone != null">#{phone},</if>
            <if test="email != null">#{email},</if>
            <if test="status != null">#{status},</if>
            <if test="delFlag != null">#{delFlag},</if>
            <if test="createBy != null">#{createBy},</if>
            <if test="createTime != null">#{createTime},</if>
            <if test="updateBy != null">#{updateBy},</if>
            <if test="updateTime != null">#{updateTime},</if>
        </trim>
    </insert>
    <update id="updateDept" parameterType="com.example.community.entity.SysDept">
        UPDATE sys_dept
        SET
        <trim prefix="" suffix="" suffixOverrides=",">
            <if test="parentId != null and parentId != ''">parent_id = #{parentId},</if>
            <if test="deptName != null and deptName != ''">dept_name = #{deptName},</if>
            <if test="orderNum != null">order_num = #{orderNum},</if>
            <if test="leader != null and leader != ''">leader = #{leader},</if>
            <if test="phone != null and phone != ''">phone = #{phone},</if>
            <if test="email != null and email != ''">email = #{email},</if>
            <if test="status != null">status = #{status}</if>
        </trim>
        WHERE dept_id = #{deptId}
    </update>

    <update id="updateDeptlis" >
        UPDATE sys_dept
        SET  status = #{status}
        WHERE parent_id = #{id}
    </update>

    <delete id="deleteDept">
        DELETE
        from sys_dept
        WHERE dept_id = #{deptId}
    </delete>

    <select id="getDeptList" resultType="com.example.community.entity.SysDept">
        select * from sys_dept
        <where>
            <if test="deptName!= null and deptName != ''">
                and dept_name like concat('%', #{deptName},'%')
            </if>
            <if test="status != null and status != ''">
                and status = #{status}
            </if>
        </where>
        order by order_num,parent_id
    </select>

    <select id="isChildren" resultType="com.example.community.entity.SysDept">
        SELECT *
        FROM `sys_dept`
        where parent_id = #{deptId}
    </select>
    <select id="selectRoleName" resultType="com.example.community.entity.SysDept">
        select *
        from sys_dept
        where parent_id = #{id}
    </select>
    <select id="checkName" resultType="com.example.community.entity.SysDept">
        select *
        from sys_dept
        where dept_name = #{deptName}
          and parent_id = #{parentId}
    </select>
    <select id="getById" resultType="com.example.community.entity.SysDept">
        select *
        from sys_dept
        where dept_id = #{deptId}
    </select>
    <select id="getDeptLists" resultType="com.example.community.entity.SysDept">
        select * from sys_dept
        <where>
        and status=0
            <if test="deptName!= null and deptName != ''">
                and dept_name like concat('%', #{deptName},'%')
            </if>
            <if test="status != null and status != ''">
                and status = #{status}
            </if>
        </where>
        order by order_num,parent_id
    </select>

    <select id="getDept" resultType="com.example.community.entity.SysDept">
       select * from sys_dept where parent_id=100 or parent_id = 0
    </select>
    <select id="isUser" resultType="com.example.community.entity.SysUser">
        select * from sys_user where dept_id = #{deptId} and del_flag = 0
    </select>

    <select id="getByIds" resultType="java.lang.String">
		select dept_id from sys_dept where parent_id = 100
    </select>
    <select id="getDeptLis" resultType="com.example.community.dto.sysUserAndDepts">
       	SELECT sd2.dept_name as deptName ,COUNT(*) as deptNum from sys_user su
        LEFT JOIN sys_dept sd1 on su.dept_id = sd1.dept_id
        LEFT JOIN sys_dept sd2 on sd1.parent_id = sd2.dept_id
        WHERE sd2.dept_id = #{id} GROUP BY sd2.dept_name
    </select>


</mapper>

