<?xml version="1.0" encoding="UTF-8"?>
<!DOCTYPE mapper PUBLIC "-//mybatis.org//DTD Mapper 3.0//EN" "http://mybatis.org/dtd/mybatis-3-mapper.dtd">
<mapper namespace="com.example.community.dao.SysDictDataDao">

    <resultMap type="com.example.community.entity.SysDictData" id="SysDictDataMap">
        <result property="dictCode" column="dict_code" jdbcType="INTEGER"/>
        <result property="dictSort" column="dict_sort" jdbcType="INTEGER"/>
        <result property="dictLabel" column="dict_label" jdbcType="VARCHAR"/>
        <result property="dictValue" column="dict_value" jdbcType="VARCHAR"/>
        <result property="dictType" column="dict_type" jdbcType="VARCHAR"/>
        <result property="cssClass" column="css_class" jdbcType="VARCHAR"/>
        <result property="listClass" column="list_class" jdbcType="VARCHAR"/>
        <result property="isDefault" column="is_default" jdbcType="VARCHAR"/>
        <result property="status" column="status" jdbcType="VARCHAR"/>
        <result property="createBy" column="create_by" jdbcType="VARCHAR"/>
        <result property="createTime" column="create_time" jdbcType="TIMESTAMP"/>
        <result property="updateBy" column="update_by" jdbcType="VARCHAR"/>
        <result property="updateTime" column="update_time" jdbcType="TIMESTAMP"/>
        <result property="remark" column="remark" jdbcType="VARCHAR"/>
    </resultMap>

    <!-- 批量插入 -->
    <insert id="insertBatch" keyProperty="dictCode" useGeneratedKeys="true">
        insert into zy-community.sys_dict_data(dict_sort, dict_label, dict_value, dict_type, css_class, list_class, is_default, status, create_by, create_time, update_by, update_time, remark)
        values
        <foreach collection="entities" item="entity" separator=",">
        (#{entity.dictSort}, #{entity.dictLabel}, #{entity.dictValue}, #{entity.dictType}, #{entity.cssClass}, #{entity.listClass}, #{entity.isDefault}, #{entity.status}, #{entity.createBy}, #{entity.createTime}, #{entity.updateBy}, #{entity.updateTime}, #{entity.remark})
        </foreach>
    </insert>
    <!-- 批量插入或按主键更新 -->
    <insert id="insertOrUpdateBatch" keyProperty="dictCode" useGeneratedKeys="true">
        insert into zy-community.sys_dict_data(dict_sort, dict_label, dict_value, dict_type, css_class, list_class, is_default, status, create_by, create_time, update_by, update_time, remark)
        values
        <foreach collection="entities" item="entity" separator=",">
            (#{entity.dictSort}, #{entity.dictLabel}, #{entity.dictValue}, #{entity.dictType}, #{entity.cssClass}, #{entity.listClass}, #{entity.isDefault}, #{entity.status}, #{entity.createBy}, #{entity.createTime}, #{entity.updateBy}, #{entity.updateTime}, #{entity.remark})
        </foreach>
        on duplicate key update
        dict_sort = values(dict_sort) , dict_label = values(dict_label) , dict_value = values(dict_value) , dict_type =
        values(dict_type) , css_class = values(css_class) , list_class = values(list_class) , is_default =
        values(is_default) , status = values(status) , create_by = values(create_by) , create_time = values(create_time)
        , update_by = values(update_by) , update_time = values(update_time) , remark = values(remark)
    </insert>

    <update id="updateData">
        update sys_dict_data
        <set>
            <if test="dictLabel!=null">
               dict_label=#{dictLabel},
            </if>
            <if test="dictValue!=null">
                dict_value=#{dictValue},
            </if>
            <if test="cssClass!=null">
               css_Class=#{cssClass},
            </if>
            <if test="dictSort!=null">
                dict_sort=#{dictSort},
            </if>
            <if test="listClass!=null">
                list_Class=#{listClass},
            </if>
            <if test="status!=null">
                status=#{status},
            </if>
            <if test="remark!=null">
               remark=#{remark}
            </if>
        </set>
        <if test="dictCode!=null">
            where dict_code=#{dictCode}
        </if>
    </update>
    <delete id="removeDictById">
        delete from sys_dict_data where dict_code=#{id}
    </delete>
    <update id="updDictType" parameterType="com.example.community.entity.SysDictData">
        UPDATE sys_dict_data
        set dict_type = #{type2}
        where dict_type = #{type}
    </update>
    <select id="getData" resultType="com.example.community.entity.SysDictData">
        select * from sys_dict_data
        <where>
            <if test="sysDictData.status !=null and sysDictData.status!=''">
                and status=#{sysDictData.status}
            </if>
            <if test="sysDictData.dictLabel !=null and sysDictData.dictLabel!=''">
                and dict_label like concat('%',#{sysDictData.dictLabel},'%')
            </if>
            <if test="sysDictData.dictType !=null and sysDictData.dictLabel!=''">
                and dict_type=#{sysDictData.dictType}
            </if>
        </where>
        order by dict_sort
        <if test="size!=0">
            limit #{index},#{size}
        </if>

    </select>

    <select id="selectDataName" resultType="com.example.community.entity.SysDictData">
        select * from sys_dict_data where dict_type in
        <foreach collection="name" item="num" index="index" open="(" close=")" separator=",">
            #{num}
        </foreach>
    </select>

<!--    <select id="selectDataName" resultType="com.example.community.entity.SysDictData" >-->
<!--    select * from sys_dict_data where dict_type=#{dictType}-->
<!--</select>-->

    <select id="getDeriveList" resultType="com.example.community.entity.SysDictData">
        SELECT * FROM sys_dict_data  WHERE 1=1
        <if test="list!=null">
            and
            dict_code
             in
            <foreach collection="list" item="num" index="index" open="(" close=")" separator=",">
                #{num}
            </foreach>
        </if>

    </select>

    <select id="isAddUpdate" resultType="java.lang.Integer">
        select count(dict_code) from sys_dict_data
        <where>
            (dict_label = #{dictLabel})
            <if test="dictCode != null and dictCode != ''">
                and dict_code != #{dictCode}
            </if>
            and dict_type = #{dictType}
        </where>
    </select>
    <select id="statusList" resultType="com.example.community.entity.SysDictData">
        select * from sys_dict_data dd join sys_dict_type dt on dd.dict_type = dt.dict_type where dt.dict_id = 26 and dt.status = "0"

    </select>

    <select id="statusOption" resultType="com.example.community.entity.SysDictData">
       select * from sys_dict_data dd join sys_dict_type dt on dd.dict_type = dt.dict_type where dt.dict_id = 26 and dt.status = "0"
    </select>



    <select id="userStatusOption" resultType="com.example.community.entity.SysDictData">
       select * from sys_dict_data dd join sys_dict_type dt on dd.dict_type = dt.dict_type where dt.dict_id = 28 and dt.status = "0"
    </select>

    <select id="roleStatusOption" resultType="com.example.community.entity.SysDictData">
       select * from sys_dict_data dd join sys_dict_type dt on dd.dict_type = dt.dict_type where dt.dict_id = 29 and dt.status = "0"
    </select>

    <select id="menuStatusOption" resultType="com.example.community.entity.SysDictData">
       select * from sys_dict_data dd join sys_dict_type dt on dd.dict_type = dt.dict_type where dt.dict_id = 30 and dt.status = "0"
    </select>

    <select id="deptStatusOption" resultType="com.example.community.entity.SysDictData">
       select * from sys_dict_data dd join sys_dict_type dt on dd.dict_type = dt.dict_type where dt.dict_id = 32 and dt.status = "0"
    </select>

    <select id="postStatusOption" resultType="com.example.community.entity.SysDictData">
       select * from sys_dict_data dd join sys_dict_type dt on dd.dict_type = dt.dict_type where dt.dict_id = 26 and dt.status = "0"
    </select>

    <select id="dictStatusOption" resultType="com.example.community.entity.SysDictData">
       select * from sys_dict_data dd join sys_dict_type dt on dd.dict_type = dt.dict_type where dt.dict_id = 31 and dt.status = "0"
    </select>

    <select id="menuShowOption" resultType="com.example.community.entity.SysDictData">
       select * from sys_dict_data dd join sys_dict_type dt on dd.dict_type = dt.dict_type where dt.dict_id = 2 and dt.status = "0"
    </select>

    <select id="userInfoSex" resultType="com.example.community.entity.SysDictData">
    SELECT * FROM sys_dict_data where dict_type = 1
    </select>

</mapper>

