<?xml version="1.0" encoding="UTF-8"?>
<!DOCTYPE mapper PUBLIC "-//mybatis.org//DTD Mapper 3.0//EN" "http://mybatis.org/dtd/mybatis-3-mapper.dtd">
<mapper namespace="com.example.community.dao.SysJobDao">

    <resultMap type="com.example.community.entity.SysJob" id="SysJobMap">
        <result property="jobId" column="job_id" jdbcType="INTEGER"/>
        <result property="jobName" column="job_name" jdbcType="VARCHAR"/>
        <result property="jobGroup" column="job_group" jdbcType="VARCHAR"/>
        <result property="invokeTarget" column="invoke_target" jdbcType="VARCHAR"/>
        <result property="cronExpression" column="cron_expression" jdbcType="VARCHAR"/>
        <result property="misfirePolicy" column="misfire_policy" jdbcType="VARCHAR"/>
        <result property="concurrent" column="concurrent" jdbcType="VARCHAR"/>
        <result property="status" column="status" jdbcType="VARCHAR"/>
        <result property="createBy" column="create_by" jdbcType="VARCHAR"/>
        <result property="createTime" column="create_time" jdbcType="TIMESTAMP"/>
        <result property="updateBy" column="update_by" jdbcType="VARCHAR"/>
        <result property="updateTime" column="update_time" jdbcType="TIMESTAMP"/>
        <result property="remark" column="remark" jdbcType="VARCHAR"/>
    </resultMap>

    <!-- 批量插入 -->
    <insert id="insertBatch" keyProperty="jobId" useGeneratedKeys="true">
        insert into zy-community.sys_job(invoke_target, cron_expression, misfire_policy, concurrent, status, create_by, create_time, update_by, update_time, remark)
        values
        <foreach collection="entities" item="entity" separator=",">
        (#{entity.invokeTarget}, #{entity.cronExpression}, #{entity.misfirePolicy}, #{entity.concurrent}, #{entity.status}, #{entity.createBy}, #{entity.createTime}, #{entity.updateBy}, #{entity.updateTime}, #{entity.remark})
        </foreach>
    </insert>
    <!-- 批量插入或按主键更新 -->
    <insert id="insertOrUpdateBatch" keyProperty="jobId" useGeneratedKeys="true">
        insert into zy-community.sys_job(invoke_target, cron_expression, misfire_policy, concurrent, status, create_by, create_time, update_by, update_time, remark)
        values
        <foreach collection="entities" item="entity" separator=",">
            (#{entity.invokeTarget}, #{entity.cronExpression}, #{entity.misfirePolicy}, #{entity.concurrent}, #{entity.status}, #{entity.createBy}, #{entity.createTime}, #{entity.updateBy}, #{entity.updateTime}, #{entity.remark})
        </foreach>
        on duplicate key update
         invoke_target = values(invoke_target) , cron_expression = values(cron_expression) , misfire_policy = values(misfire_policy) , concurrent = values(concurrent) , status = values(status) , create_by = values(create_by) , create_time = values(create_time) , update_by = values(update_by) , update_time = values(update_time) , remark = values(remark)     </insert>

</mapper>

