<?xml version="1.0" encoding="UTF-8"?>
<!DOCTYPE mapper PUBLIC "-//mybatis.org//DTD Mapper 3.0//EN" "http://mybatis.org/dtd/mybatis-3-mapper.dtd">
<mapper namespace="com.example.community.dao.SysLogininforDao">

    <resultMap type="com.example.community.entity.SysLogininfor" id="SysLogininforMap">
        <result property="infoId" column="info_id" jdbcType="INTEGER"/>
        <result property="userName" column="user_name" jdbcType="VARCHAR"/>
        <result property="ipaddr" column="ipaddr" jdbcType="VARCHAR"/>
        <result property="loginLocation" column="login_location" jdbcType="VARCHAR"/>
        <result property="browser" column="browser" jdbcType="VARCHAR"/>
        <result property="os" column="os" jdbcType="VARCHAR"/>
        <result property="status" column="status" jdbcType="VARCHAR"/>
        <result property="msg" column="msg" jdbcType="VARCHAR"/>
        <result property="loginTime" column="login_time" jdbcType="TIMESTAMP"/>
    </resultMap>

    <insert id="insertLogininfor" parameterType="com.example.community.entity.SysLogininfor">
		insert into sys_logininfor (user_name, status, ipaddr, login_location, browser, os, msg, login_time)
		values (#{userName}, #{status}, #{ipaddr}, #{loginLocation}, #{browser}, #{os}, #{msg}, sysdate())
	</insert>

    <select id="selectLogininforList" resultType="com.example.community.entity.SysLogininfor">
        select info_id, user_name, ipaddr, login_location, browser, os, status, msg, login_time from sys_logininfor
        <where>
            <if test="logDto.ipaddr != null and logDto.ipaddr != ''">
                AND ipaddr like concat('%', #{logDto.ipaddr}, '%')
            </if>
            <if test="logDto.status != null and logDto.status != ''">
                AND status = #{logDto.status}
            </if>
            <if test="logDto.userName != null and logDto.userName != ''">
                AND user_name like concat('%', #{logDto.userName}, '%')
            </if>
            <if test="logDto.createTime != null and  logDto.createTime!= ''"><!-- 开始时间检索 -->
                AND login_time &gt;= #{logDto.createTime}
            </if>
            <if test="logDto.updateTime != null and logDto.updateTime != ''"><!-- 结束时间检索 -->
                AND login_time &lt;= #{logDto.updateTime}
            </if>
        </where>

        <if test="size!=0">
            order by info_id desc
            limit #{index},#{size}
        </if>

    </select>

    <select id="getStatus" resultType="com.example.community.entity.SysDictData">
        select * from sys_dict_data where dict_type='sys_common_status'
    </select>

    <select id="getLoginListExcel" resultType="com.example.community.entity.SysLogininfor">
        SELECT * FROM sys_logininfor WHERE info_id != 1
        <if test="list!=null">
            and
            info_id in
            <foreach collection="list" item="num" index="index" open="(" close=")" separator=",">
                #{num}
            </foreach>
        </if>
    </select>
    <select id="getLoginUser" resultType="com.example.community.entity.SysLogininfor">
        select user_name,login_location,msg  from sys_logininfor
    </select>

    <delete id="deleteLogininforByIds" parameterType="Long">
        delete from sys_logininfor where info_id in
        <foreach collection="array" item="infoId" open="(" separator="," close=")">
            #{infoId}
        </foreach>
    </delete>

    <update id="cleanLogininfor">
        truncate table sys_logininfor
    </update>
</mapper>

