<?xml version="1.0" encoding="UTF-8"?>
<!DOCTYPE mapper PUBLIC "-//mybatis.org//DTD Mapper 3.0//EN" "http://mybatis.org/dtd/mybatis-3-mapper.dtd">
<mapper namespace="com.example.community.dao.SysMenuDao">

    <resultMap type="com.example.community.entity.SysMenu" id="SysMenuMap">
        <result property="menuId" column="menu_id" jdbcType="INTEGER"/>
        <result property="menuName" column="menu_name" jdbcType="VARCHAR"/>
        <result property="parentId" column="parent_id" jdbcType="INTEGER"/>
        <result property="orderNum" column="order_num" jdbcType="INTEGER"/>
        <result property="path" column="path" jdbcType="VARCHAR"/>
        <result property="component" column="component" jdbcType="VARCHAR"/>
        <result property="isFrame" column="is_frame" jdbcType="INTEGER"/>
        <result property="isCache" column="is_cache" jdbcType="INTEGER"/>
        <result property="menuType" column="menu_type" jdbcType="VARCHAR"/>
        <result property="visible" column="visible" jdbcType="VARCHAR"/>
        <result property="status" column="status" jdbcType="VARCHAR"/>
        <result property="perms" column="perms" jdbcType="VARCHAR"/>
        <result property="icon" column="icon" jdbcType="VARCHAR"/>
        <result property="createBy" column="create_by" jdbcType="VARCHAR"/>
        <result property="createTime" column="create_time" jdbcType="TIMESTAMP"/>
        <result property="updateBy" column="update_by" jdbcType="VARCHAR"/>
        <result property="updateTime" column="update_time" jdbcType="TIMESTAMP"/>
        <result property="remark" column="remark" jdbcType="VARCHAR"/>
    </resultMap>

    <!-- 批量插入 -->
    <insert id="insertBatch" keyProperty="menuId" useGeneratedKeys="true">
        insert into zy-community.sys_menu(menu_name, parent_id, order_num, path, component, is_frame, is_cache,
        menu_type, visible, status, perms, icon, create_by, create_time, update_by, update_time, remark)
        values
        <foreach collection="entities" item="entity" separator=",">
            (#{entity.menuName}, #{entity.parentId}, #{entity.orderNum}, #{entity.path}, #{entity.component},
            #{entity.isFrame}, #{entity.isCache}, #{entity.menuType}, #{entity.visible}, #{entity.status},
            #{entity.perms}, #{entity.icon}, #{entity.createBy}, #{entity.createTime}, #{entity.updateBy},
            #{entity.updateTime}, #{entity.remark})
        </foreach>
    </insert>

    <!-- 批量插入或按主键更新 -->
    <insert id="insertOrUpdateBatch" keyProperty="menuId" useGeneratedKeys="true">
        insert into zy-community.sys_menu(menu_name, parent_id, order_num, path, component, is_frame, is_cache,
        menu_type, visible, status, perms, icon, create_by, create_time, update_by, update_time, remark)
        values
        <foreach collection="entities" item="entity" separator=",">
            (#{entity.menuName}, #{entity.parentId}, #{entity.orderNum}, #{entity.path}, #{entity.component},
            #{entity.isFrame}, #{entity.isCache}, #{entity.menuType}, #{entity.visible}, #{entity.status},
            #{entity.perms}, #{entity.icon}, #{entity.createBy}, #{entity.createTime}, #{entity.updateBy},
            #{entity.updateTime}, #{entity.remark})
        </foreach>
        on duplicate key update
        menu_name = values(menu_name) , parent_id = values(parent_id) , order_num = values(order_num) , path =
        values(path) , component = values(component) , is_frame = values(is_frame) , is_cache = values(is_cache) ,
        menu_type = values(menu_type) , visible = values(visible) , status = values(status) , perms = values(perms) ,
        icon = values(icon) , create_by = values(create_by) , create_time = values(create_time) , update_by =
        values(update_by) , update_time = values(update_time) , remark = values(remark)
    </insert>

    <delete id="deleteByMenuId">
        delete
        from sys_menu
        where menu_id = #{id}
    </delete>

    <insert id="addMenu">
        insert into sys_menu
        <trim prefix="(" suffix=")" suffixOverrides=",">
            <if test="menuName!=null || menuName!=''">menu_name,</if>
            <if test="parentId!=null || parentId!=''">parent_id,</if>
            <if test="icon!=null ||icon!=''">icon,</if>
            <if test="menuType!=null ||menuType!=''">menu_type,</if>
            <if test="orderNum!=null ||orderNum!=''">order_Num,</if>
            <if test="isFrame!=null ||isFrame!=''">is_frame,</if>
            <if test="path!=null ||path!=''">path,</if>
            <if test="component!=null ||component!=''">component,</if>
            <if test="perms!=null ||perms!=''">perms,</if>
            <if test="isCache!=null ||isCache!=''">is_cache,</if>
            <if test="visible!=null ||visible!=''">visible,</if>
            <if test="status!=null ||status!=''">status,</if>
        </trim>
        <trim prefix="values (" suffix=")" suffixOverrides=",">
            <if test="menuName!=null || menuName!=''">#{menuName},</if>
            <if test="parentId!=null || parentId!=''">#{parentId},</if>
            <if test="icon!=null ||icon!=''">#{icon},</if>
            <if test="menuType!=null ||menuType!=''">#{menuType},</if>
            <if test="orderNum!=null ||orderNum!=''">#{orderNum},</if>
            <if test="isFrame!=null ||isFrame!=''">#{isFrame},</if>
            <if test="path!=null ||path!=''">#{path},</if>
            <if test="component!=null ||component!=''">#{component},</if>
            <if test="perms!=null ||perms!=''">#{perms},</if>
            <if test="isCache!=null ||isCache!=''">#{isCache},</if>
            <if test="visible!=null ||visible!=''">#{visible},</if>
            <if test="status!=null ||status!=''">#{status},</if>
        </trim>

    </insert>

    <update id="updateMenu">
        update sys_menu
        <set>
            <if test="menuName!=null || menuName!=''">
                menu_name = #{menuName},
            </if>
            <if test="parentId!=null || parentId!=''">
                parent_id = #{parentId},
            </if>
            <if test="icon!=null ||icon!=''">
                icon = #{icon},
            </if>
            <if test="menuType!=null ||menuType!=''">
                menu_type = #{menuType},
            </if>
            <if test="orderNum!=null ||orderNum!=''">
                order_num = #{orderNum},
            </if>
            <if test="isFrame!=null ||isFrame!=''">
                is_frame = #{isFrame},
            </if>
            <if test="path!=null ||path!=''">
                path = #{path},
            </if>
            <if test="component!=null ||component!=''">
                component = #{component},
            </if>
            <if test="perms!=null ||perms!=''">
                perms = #{perms},
            </if>
            <if test="isCache!=null ||isCache!=''">
                is_cache = #{isCache},
            </if>
            <if test="visible!=null ||visible!=''">
                visible = #{visible},
            </if>
            <if test="status!=null ||status!=''">
                status = #{status},
            </if>
        </set>
        where menu_id = #{menuId}
    </update>

    <update id="upTypeToM">
        update sys_menu SET menu_type = 'M' WHERE menu_id = #{menuId}
    </update>

    <select id="selectMenuPermsByUserId" parameterType="Long" resultType="String">
		select distinct m.perms
		from sys_menu m
			 left join sys_role_menu rm on m.menu_id = rm.menu_id
			 left join sys_user_role ur on rm.role_id = ur.role_id
			 left join sys_role r on r.role_id = ur.role_id
		where m.status = '0' and r.status = '0' and ur.user_id = #{userId}
	</select>


    <resultMap type="com.example.community.entity.SysMenu" id="SysMenuResult">
        <id property="menuId" column="menu_id"/>
        <result property="menuName" column="menu_name"/>
        <result property="parentId" column="parent_id"/>
        <result property="orderNum" column="order_num"/>
        <result property="path" column="path"/>
        <result property="component" column="component"/>
        <result property="isFrame" column="is_frame"/>
        <result property="isCache" column="is_cache"/>
        <result property="menuType" column="menu_type"/>
        <result property="visible" column="visible"/>
        <result property="status" column="status"/>
        <result property="perms" column="perms"/>
        <result property="icon" column="icon"/>
        <result property="createBy" column="create_by"/>
        <result property="createTime" column="create_time"/>
        <result property="updateTime" column="update_time"/>
        <result property="updateBy" column="update_by"/>
        <result property="remark" column="remark"/>
    </resultMap>
    <select id="selectMenuTreeByUserId" parameterType="Integer" resultMap="SysMenuResult">
        select distinct m.menu_id,
                        m.parent_id,
                        m.menu_name,
                        m.path,
                        m.component,
                        m.visible,
                        m.status,
                        ifnull(m.perms, '') as perms,
                        m.is_frame,
                        m.is_cache,
                        m.menu_type,
                        m.icon,
                        m.order_num,
                        m.create_time
        from sys_menu m
                 left join sys_role_menu rm on m.menu_id = rm.menu_id
                 left join sys_user_role ur on rm.role_id = ur.role_id
                 left join sys_role ro on ur.role_id = ro.role_id
                 left join sys_user u on ur.user_id = u.user_id
        where u.user_id = #{id}
          and m.visible=0
          and m.menu_type in ('M', 'C')
          AND ro.status = 0
        order by m.parent_id, m.order_num
    </select>


    <select id="getMenuList" resultType="com.example.community.entity.SysMenu">
        select * from sys_menu where 1=1
        <if test="menuName != null and menuName != ''">
            and menu_name like concat("%",#{menuName},"%")
        </if>
        <if test="status != null and status != ''">
            and status = #{status}
        </if>
        <!--        <if test="menuName != null and menuName != ''">-->
        <!--            UNION-->
        <!--            select * from sys_menu sm1 where sm1.parent_id in-->
        <!--            (select sm2.menu_id from sys_menu sm2 where menu_name LIKE concat("%",#{menuName},"%"))-->
        <!--            <if test="status != null and status != ''">-->
        <!--                and status = #{status}-->
        <!--            </if>-->
        <!--            UNION-->
        <!--            select * from sys_menu sm1 where sm1.menu_id in-->
        <!--            (select sm2.parent_id from sys_menu sm2 where menu_name LIKE concat("%",#{menuName},"%"))-->
        <!--            <if test="status != null and status != ''">-->
        <!--                and status = #{status}-->
        <!--            </if>-->
        <!--        </if>-->
        <!--        <if test="status != null and status != '' and menuName == null || menuName == ''">-->
        <!--            UNION-->
        <!--            select * from sys_menu sm1-->
        <!--            where sm1.menu_id in-->
        <!--            (select sm2.parent_id from sys_menu sm2 where status = #{status})-->
        <!--        </if>-->
        order by order_num asc
    </select>

    <select id="checkName" resultType="java.lang.Long">
        select menu_id
        from sys_menu
        where menu_name = #{menuName}
          and parent_id = #{parentId}
    </select>

    <select id="checkPath" resultType="java.lang.Long">
        select menu_id
        from sys_menu
        where path = #{menuName}

    </select>

    <select id="getMenuByParentId" resultType="com.example.community.entity.SysMenu">
        select *
        from sys_menu
        where parent_id = #{id}
    </select>

    <!--    管理员查询所有菜单-->
    <select id="MenuList" resultType="com.example.community.entity.SysMenu">
        select * from sys_menu
        where
          menu_type in ('M', 'C')
        order by parent_id, order_num ASC
    </select>

    <select id="getMenuChildren" resultType="com.example.community.entity.SysMenu">
        SELECT * from sys_menu WHERE parent_id = #{menuId}
    </select>

    <select id="getParent" resultType="com.example.community.entity.SysMenu">
        SELECT * FROM sys_menu where menu_id = #{parentId}
    </select>

</mapper>

