<?xml version="1.0" encoding="UTF-8"?>
<!DOCTYPE mapper PUBLIC "-//mybatis.org//DTD Mapper 3.0//EN" "http://mybatis.org/dtd/mybatis-3-mapper.dtd">
<mapper namespace="com.example.community.dao.SysUserDao">

    <resultMap type="com.example.community.entity.SysUser" id="SysUserMap">
        <result property="userId" column="user_id" jdbcType="INTEGER"/>
        <result property="deptId" column="dept_id" jdbcType="INTEGER"/>
        <result property="userName" column="user_name" jdbcType="VARCHAR"/>
        <result property="nickName" column="nick_name" jdbcType="VARCHAR"/>
        <result property="userType" column="user_type" jdbcType="VARCHAR"/>
        <result property="email" column="email" jdbcType="VARCHAR"/>
        <result property="phonenumber" column="phonenumber" jdbcType="VARCHAR"/>
        <result property="sex" column="sex" jdbcType="VARCHAR"/>
        <result property="avatar" column="avatar" jdbcType="VARCHAR"/>
        <result property="password" column="password" jdbcType="VARCHAR"/>
        <result property="status" column="status" jdbcType="VARCHAR"/>
        <result property="delFlag" column="del_flag" jdbcType="VARCHAR"/>
        <result property="loginIp" column="login_ip" jdbcType="VARCHAR"/>
        <result property="loginDate" column="login_date" jdbcType="TIMESTAMP"/>
        <result property="createBy" column="create_by" jdbcType="VARCHAR"/>
        <result property="createTime" column="create_time" jdbcType="TIMESTAMP"/>
        <result property="updateBy" column="update_by" jdbcType="VARCHAR"/>
        <result property="updateTime" column="update_time" jdbcType="TIMESTAMP"/>
        <result property="remark" column="remark" jdbcType="VARCHAR"/>
    </resultMap>

    <!-- 批量插入 -->
    <insert id="insertBatch" keyProperty="userId" useGeneratedKeys="true">
        insert into zy-community.sys_user(dept_id, user_name, nick_name, user_type, email, phonenumber, sex, avatar,
        password, status, del_flag, login_ip, login_date, create_by, create_time, update_by, update_time, remark)
        values
        <foreach collection="entities" item="entity" separator=",">
            (#{entity.deptId}, #{entity.userName}, #{entity.nickName}, #{entity.userType}, #{entity.email},
            #{entity.phonenumber}, #{entity.sex}, #{entity.avatar}, #{entity.password}, #{entity.status},
            #{entity.delFlag}, #{entity.loginIp}, #{entity.loginDate}, #{entity.createBy}, #{entity.createTime},
            #{entity.updateBy}, #{entity.updateTime}, #{entity.remark})
        </foreach>
    </insert>
    <!-- 批量插入或按主键更新 -->
    <insert id="insertOrUpdateBatch" keyProperty="userId" useGeneratedKeys="true">
        insert into zy-community.sys_user(dept_id, user_name, nick_name, user_type, email, phonenumber, sex, avatar,
        password, status, del_flag, login_ip, login_date, create_by, create_time, update_by, update_time, remark)
        values
        <foreach collection="entities" item="entity" separator=",">
            (#{entity.deptId}, #{entity.userName}, #{entity.nickName}, #{entity.userType}, #{entity.email},
            #{entity.phonenumber}, #{entity.sex}, #{entity.avatar}, #{entity.password}, #{entity.status},
            #{entity.delFlag}, #{entity.loginIp}, #{entity.loginDate}, #{entity.createBy}, #{entity.createTime},
            #{entity.updateBy}, #{entity.updateTime}, #{entity.remark})
        </foreach>
        on duplicate key update
        dept_id = values(dept_id) , user_name = values(user_name) , nick_name = values(nick_name) , user_type =
        values(user_type) , email = values(email) , phonenumber = values(phonenumber) , sex = values(sex) , avatar =
        values(avatar) , password = values(password) , status = values(status) , del_flag = values(del_flag) , login_ip
        = values(login_ip) , login_date = values(login_date) , create_by = values(create_by) , create_time =
        values(create_time) , update_by = values(update_by) , update_time = values(update_time) , remark =
        values(remark)
    </insert>

    <!-- User 实体类对应的数据库表为 user_table -->
    <insert id="insertUser1" useGeneratedKeys="true" keyProperty="userId"
            parameterType="com.example.community.entity.SysUser">
        INSERT INTO sys_user
        <trim prefix="(" suffix=")" suffixOverrides=",">
            <if test="deptId != null">dept_id,</if>
            <if test="userName != null">user_name,</if>
            <if test="nickName != null">nick_name,</if>
            <if test="email != null">email,</if>
            <if test="phonenumber != null">phonenumber,</if>
            <if test="sex != null">sex,</if>
            <if test="password != null">password,</if>
            <if test="status != null">status,</if>
            <if test="remark != null">remark,</if>
        </trim>
        VALUES
        <trim prefix="(" suffix=")" suffixOverrides=",">
            <if test="deptId != null">#{deptId},</if>
            <if test="userName != null">#{userName},</if>
            <if test="nickName != null">#{nickName},</if>
            <if test="email != null">#{email},</if>
            <if test="phonenumber != null">#{phonenumber},</if>
            <if test="sex != null">#{sex},</if>
            <if test="password != null">#{password},</if>
            <if test="status != null">#{status},</if>
            <if test="remark != null">#{remark},</if>
        </trim>
    </insert>

    <insert id="insertPost">
        insert into sys_user_post values (#{UserId},#{PostId})
    </insert>

    <insert id="insertRole">
        insert into sys_user_role values (#{UserId},#{RoleId})
    </insert>
    <insert id="batchInsert">
        insert into sys_user
        (user_name, password, phonenumber,nick_name)
        values
        <foreach collection="list" item="item" index="index" separator=",">
            (
            #{item.userName},
            #{item.password},
            #{item.phonenumber},
            #{item.nickName}
            )
        </foreach>
    </insert>


    <update id="updataUser">
        update sys_user
        <set>
            <if test="sysUser.nickName!=null">
                nick_name = #{sysUser.nickName},
            </if>
            <if test="sysUser.userName!=null">
                user_name = #{sysUser.userName},
            </if>
            <if test="sysUser.phonenumber!=null">
                phonenumber = #{sysUser.phonenumber},
            </if>
            <if test="sysUser.email!=null">
                email = #{sysUser.email},
            </if>
            <if test="sysUser.sex!=null">
                sex = #{sysUser.sex},
            </if>
            <if test="sysUser.password!=null and sysUser.password!=''">
                password = #{sysUser.password},
            </if>
            <if test="sysUser.avatar!=null">
                avatar = #{sysUser.avatar},
            </if>
            <if test="sysUser.deptId!=null">
                dept_id = #{sysUser.deptId},
            </if>
            <if test="sysUser.status!=null">
                status = #{sysUser.status},
            </if>
            <if test="sysUser.remark!=null">
                remark = #{sysUser.remark}
            </if>
        </set>
        <if test="sysUser.userId!=null">
            where user_id=#{sysUser.userId}
        </if>
    </update>

    <update id="updateUserAvatar">
        update sys_user
        <set>
            <if test="sysUser.nickName!=null">
                nick_name = #{sysUser.nickName},
            </if>
            <if test="sysUser.userName!=null">
                user_name = #{sysUser.userName},
            </if>
            <if test="sysUser.phonenumber!=null">
                phonenumber = #{sysUser.phonenumber},
            </if>
            <if test="sysUser.email!=null">
                email = #{sysUser.email},
            </if>
            <if test="sysUser.sex!=null">
                sex = #{sysUser.sex},
            </if>
            <if test="sysUser.password!=null and sysUser.password!=''">
                password = #{sysUser.password},
            </if>
            <if test="sysUser.avatar!=null">
                avatar = #{sysUser.avatar},
            </if>
            <if test="sysUser.deptId!=null">
                dept_id = #{sysUser.deptId},
            </if>
            <if test="sysUser.status!=null">
                status = #{sysUser.status},
            </if>
            <if test="sysUser.remark!=null">
                remark = #{sysUser.remark}
            </if>
        </set>
        <if test="sysUser.userId!=null">
            where user_id=#{sysUser.userId}
        </if>
    </update>

    <update id="restUserPwd">
        update sys_user set password = #{pwd} where user_id=#{id}
    </update>

    <update id="upDataStatus">
         update sys_user set status = #{status} where user_id=#{id}
    </update>

    <update id="updatePost">
        update sys_user_post set post_id=#{PostId}
        where user_id =#{UserId}
    </update>

    <update id="updateRole">
        update sys_user_role set role_id=#{RoleId}
        where user_id =#{UserId}
    </update>
    <update id="deleteUsers">
        UPDATE sys_user SET del_flag = 2 WHERE user_id in
        <foreach collection="list" item="num" index="index" open="(" close=")" separator=",">
            #{num}
        </foreach>
    </update>
    <update id="delById">
        UPDATE sys_user SET del_flag = 2 WHERE user_id =#{id}
    </update>
    <delete id="delRoleAndUser">
        delete  from  sys_user_role where user_id = #{userId}
    </delete>
    <delete id="delPostAndUser">
        delete  from  sys_user_post where user_id = #{userId}
    </delete>


    <resultMap id="UserInfo" type="com.example.community.dto.UserAndDeptAndRole" autoMapping="true">
        <id property="userId" column="userId"></id>
        <association property="sysRole" javaType="com.example.community.entity.SysRole" autoMapping="true">
            <id property="roleId" column="roleId"></id>
        </association>
    </resultMap>
    <select id="getUserInfo" resultMap="UserInfo">
        SELECT u.*,r.role_name,d.dept_name,u.user_id userId,r.role_id roleId,d.dept_id deptId from sys_user u
            LEFT JOIN sys_user_role ur on u.user_id = ur.user_id
            LEFT JOIN sys_role r on ur.role_id = r.role_id
            LEFT JOIN sys_dept d  on d.dept_id = u.dept_id
        where u.user_id=#{id}
    </select>

    <!--    u left join dept_id d on u.dept_id = d.dept_id-->


    <!--    <resultMap id="Userlist" type="com.example.community.dto.UserAndDeptAndPostAndRole" autoMapping="true">-->
    <!--        <id property="deptId" column="dept_id"></id>-->
    <!--        <collection property="sysDeptList" ofType="com.example.community.entity.SysDept" autoMapping="true">-->
    <!--            <id property="deptId" column="dept_id"></id>-->
    <!--        </collection>-->
    <!--        <collection property="userAndPostDto" ofType="com.example.community.dto.UserAndPostDto" autoMapping="true">-->
    <!--            <result property="userId" column="user_id"></result>-->
    <!--            <result property="postId" column="post_id"></result>-->
    <!--            <association property="sysPost" javaType="com.example.community.entity.SysPost" autoMapping="true">-->
    <!--                <id property="postId" column="post_id"></id>-->
    <!--            </association>-->
    <!--            <association property="sysUser" javaType="com.example.community.entity.SysUser" autoMapping="true">-->
    <!--                <id property="userId" column="user_id"></id>-->
    <!--            </association>-->
    <!--        </collection>-->
    <!--        <collection property="userAndRoleDto" ofType="com.example.community.dto.UserAndRoleDto" autoMapping="true">-->
    <!--            <result property="userId" column="user_id"></result>-->
    <!--            <result property="roleId" column="role_id"></result>-->
    <!--            <association property="sysRole" javaType="com.example.community.entity.SysRole" autoMapping="true">-->
    <!--                <id property="roleId" column="role_id"></id>-->
    <!--            </association>-->
    <!--            <association property="sysUser" javaType="com.example.community.entity.SysUser" autoMapping="true">-->
    <!--                <id property="userId" column="user_id"></id>-->
    <!--            </association>-->
    <!--        </collection>-->
    <!--    </resultMap>-->

    <resultMap id="Userlist" type="com.example.community.dto.UserList" autoMapping="true">
        <result property="postIds" column="post_id"></result>
        <result property="roleIds" column="role_id"></result>

<!--        <result property="deptId" column="dept_id"></result>-->
<!--        <collection property="sysDeptList" ofType="com.example.community.entity.SysDept" autoMapping="true">-->
<!--            <id property="deptId" column="dept_id"></id>-->
<!--        </collection>-->
    </resultMap>

    <select id="selUserlist" resultMap="Userlist">
        select
        sys_user.user_id,
        sys_user.dept_id,
        sys_user.user_name,
        sys_user.nick_name,
        sys_user.sex,
        sys_user.email,
        sys_user.remark,
        sys_dept.dept_name,
        sys_user.phonenumber,
        sys_user.status,
        sys_user.create_time,
        sys_user_post.post_id,
        sys_role.role_id
        from sys_user
        left join sys_dept on sys_user.dept_id = sys_dept.dept_id
        left join sys_user_role on sys_user_role.user_id = sys_user.user_id
        left join sys_role on sys_user_role.role_id = sys_role.role_id
        left join sys_user_post on sys_user_post.user_id = sys_user.user_id
        left join sys_post on sys_post.post_id = sys_user_post.post_id =sys_post.post_id
        <where>
            sys_user.user_id != 1 and sys_user.del_flag =0
            <if test="sysUser.deptId != null and sysUser.deptId != ''">
                and sys_user.dept_id = #{sysUser.deptId}
            </if>
            <if test="sysUser.userName != null and sysUser.userName !=''">
                and sys_user.user_name like concat('%', #{sysUser.userName}, '%')
            </if>
            <if test="sysUser.phonenumber != null and sysUser.phonenumber !=''">
                and sys_user.phonenumber like concat('%', #{sysUser.phonenumber}, '%')
            </if>
            <if test="sysUser.status != null and sysUser.status !=''">
                and sys_user.status = #{sysUser.status}
            </if>
            <if test="sysUser.createTime != null and sysUser.createTime !=''">
                and DATE_FORMAT(sys_user.create_time, '%y%m%d') &gt; DATE_FORMAT(#{sysUser.createTime}, '%y%m%d')
            </if>
        </where>
        <if test="size != 0">
            limit #{index},#{size}
        </if>
    </select>

    <select id="getAllPost" resultType="com.example.community.entity.SysPost">
        select * from sys_post
        where status=0
    </select>

    <select id="getAllRole" resultType="com.example.community.entity.SysRole">
        select * from sys_role r
        where r.status=0 and r.role_id!=1 and del_flag = 0
    </select>

    <select id="isAddUpdate" resultType="java.lang.Integer">
        select count(*) from sys_user
        <where>
            (phonenumber = #{phonenumber})
            <if test="userId != null and userId != ''">
                and user_id != #{userId}
            </if>
        </where>
    </select>
    <select id="getUserList" resultType="com.example.community.dto.UserAndDeptImport">
        SELECT u.user_id ,u.user_name , u.nick_name , d.dept_name , u.phonenumber , u.`password` , u.`status` ,
        u.create_time
        FROM sys_user u JOIN sys_dept d on u.dept_id = d.dept_id
        <if test="list!=null">
            WHERE
            u.user_id in
            <foreach collection="list" item="num" index="index" open="(" close=")" separator=",">
                #{num}
            </foreach>
        </if>
    </select>


    <select id="getDeptList" resultType="com.example.community.entity.SysDept">
        select * from sys_dept d
        where d.status=0
        order by order_num,parent_id
    </select>

    <select id="count" resultType="java.lang.Long">
        select count(sys_user.user_id) from sys_user
        <where>
            sys_user.user_id != 1 and sys_user.del_flag =0
            <if test="userId != null and userId !=''">
                and sys_user.user_id =#{sysUser.userId}
            </if>
            <if test="userName != null and userName !=''">
                and sys_user.user_name like concat('%', #{userName}, '%')
            </if>
            <if test="nickName != null and nickName !=''">
                and sys_user.nick_name = #{nickName}
            </if>
            <if test="deptId != null and deptId !=''">
                and sys_user.dept_id = #{deptId}
            </if>
            <if test="phonenumber != null and phonenumber !=''">
                and sys_user.phonenumber like concat('%', #{phonenumber}, '%')
            </if>
            <if test="status != null and status !=''">
                and sys_user.status = #{status}
            </if>
            <if test="createTime != null and createTime !=''">
                and DATE_FORMAT(sys_user.create_time, '%y%m%d') &gt; DATE_FORMAT(#{createTime}, '%y%m%d')
            </if>
        </where>

    </select>
    <select id="getNames" resultType="java.lang.String">
        select user_name from sys_user
    </select>
    <select id="getPhone" resultType="java.lang.String">
        select phonenumber from sys_user
    </select>
    <select id="getPostStatus" resultType="com.example.community.entity.SysPost">
        SELECT p.*  FROM sys_user u  LEFT JOIN sys_user_post up
        ON u.user_id = up.user_id LEFT JOIN sys_post p
        ON up.post_id = p.post_id WHERE u.user_id = #{id}
    </select>
    <select id="getByDeptId" resultType="java.lang.String">
        select dept_id from sys_dept where ancestors like concat('%', #{deptId}, '%')
    </select>
    <select id="countByDepts" resultType="java.lang.Long">
        select count(sys_user.user_id) from sys_user
        <where>
            sys_user.user_id != 1 and sys_user.del_flag =0 and sys_user.dept_id in
            <foreach collection="deptIds" item="num" index="index" open="(" close=")" separator=",">
                #{num}
            </foreach>
            <if test="userId != null and userId !=''">
                and sys_user.user_id =#{sysUser.userId}
            </if>
            <if test="userName != null and userName !=''">
                and sys_user.user_name like concat('%', #{userName}, '%')
            </if>
            <if test="nickName != null and nickName !=''">
                and sys_user.nick_name = #{nickName}
            </if>

            <if test="phonenumber != null and phonenumber !=''">
                and sys_user.phonenumber like concat('%', #{phonenumber}, '%')
            </if>
            <if test="status != null and status !=''">
                and sys_user.status = #{status}
            </if>
            <if test="createTime != null and createTime !=''">
                and DATE_FORMAT(sys_user.create_time, '%y%m%d') &gt; DATE_FORMAT(#{createTime}, '%y%m%d')
            </if>
        </where>
    </select>
    <select id="selUserlistByDeptS" resultMap="Userlist" >
        select
        sys_user.user_id,
        sys_user.dept_id,
        sys_user.user_name,
        sys_user.nick_name,
        sys_user.sex,
        sys_user.email,
        sys_user.remark,
        sys_dept.dept_name,
        sys_user.phonenumber,
        sys_user.status,
        sys_user.create_time,
        sys_user_post.post_id,
        sys_role.role_id
        from sys_user
        left join sys_dept on sys_user.dept_id = sys_dept.dept_id
        left join sys_user_role on sys_user_role.user_id = sys_user.user_id
        left join sys_role on sys_user_role.role_id = sys_role.role_id
        left join sys_user_post on sys_user_post.user_id = sys_user.user_id
        left join sys_post on sys_post.post_id = sys_user_post.post_id =sys_post.post_id
        <where>
            sys_user.user_id != 1 and sys_user.del_flag =0 and sys_user.dept_id in
            <foreach collection="sysUser.deptIds" item="num" index="index" open="(" close=")" separator=",">
                #{num}
            </foreach>
            <if test="sysUser.userId != null and sysUser.userId !=''">
                and sys_user.user_id =#{sysUser.userId}
            </if>
            <if test="sysUser.userName != null and sysUser.userName !=''">
                and sys_user.user_name like concat('%', #{sysUser.userName}, '%')
            </if>
            <if test="sysUser.nickName != null and sysUser.nickName !=''">
                and sys_user.nick_name = #{sysUser.nickName}
            </if>
            <if test="sysUser.phonenumber != null and sysUser.phonenumber !=''">
                and sys_user.phonenumber like concat('%', #{sysUser.phonenumber}, '%')
            </if>
            <if test="sysUser.status != null and sysUser.status !=''">
                and sys_user.status = #{sysUser.status}
            </if>
            <if test="sysUser.createTime != null and sysUser.createTime !=''">
                and DATE_FORMAT(sys_user.create_time, '%y%m%d') &gt; DATE_FORMAT(#{sysUser.createTime}, '%y%m%d')
            </if>
        </where>
        <if test="size != 0">
            limit #{index},#{size}
        </if>
    </select>
    <select id="getUserById" resultType="com.example.community.entity.SysUser">
        select * from sys_user where user_id=#{id}
    </select>


</mapper>

