<?xml version="1.0" encoding="UTF-8"?>
<!DOCTYPE mapper PUBLIC "-//mybatis.org//DTD Mapper 3.0//EN" "http://mybatis.org/dtd/mybatis-3-mapper.dtd">
<mapper namespace="com.example.community.dao.SysUserPostDao">

    <resultMap type="com.example.community.entity.SysUserPost" id="SysUserPostMap">
        <result property="userId" column="user_id" jdbcType="INTEGER"/>
        <result property="postId" column="post_id" jdbcType="INTEGER"/>
    </resultMap>

    <!-- 批量插入 -->
    <insert id="insertBatch" keyProperty="userId" useGeneratedKeys="true">
        insert into zy-community.sys_user_post()
        values
        <foreach collection="entities" item="entity" separator=",">
        ()
        </foreach>
    </insert>
    <!-- 批量插入或按主键更新 -->
    <insert id="insertOrUpdateBatch" keyProperty="userId" useGeneratedKeys="true">
        insert into zy-community.sys_user_post()
        values
        <foreach collection="entities" item="entity" separator=",">
            ()
        </foreach>
        on duplicate key update
             </insert>


    <select id="selUserPost" resultType="java.lang.Integer">
        select count(*) from sys_user_post where post_id=#{postId}
    </select>


</mapper>

