<?xml version="1.0" encoding="UTF-8"?>
<!DOCTYPE mapper PUBLIC "-//mybatis.org//DTD Mapper 3.0//EN" "http://mybatis.org/dtd/mybatis-3-mapper.dtd">
<mapper namespace="com.example.community.dao.ZyCommentDao">

    <resultMap type="com.example.community.entity.ZyComment" id="ZyCommentMap">
        <result property="commentId" column="comment_id" jdbcType="INTEGER"/>
        <result property="createBy" column="create_by" jdbcType="VARCHAR"/>
        <result property="updateBy" column="update_by" jdbcType="INTEGER"/>
        <result property="createTime" column="create_time" jdbcType="TIMESTAMP"/>
        <result property="updateTime" column="update_time" jdbcType="TIMESTAMP"/>
        <result property="content" column="content" jdbcType="VARCHAR"/>
        <result property="parentId" column="parent_id" jdbcType="INTEGER"/>
        <result property="delFlag" column="del_flag" jdbcType="INTEGER"/>
        <result property="interactionId" column="interaction_id" jdbcType="INTEGER"/>
        <result property="userId" column="user_id" jdbcType="INTEGER"/>
        <result property="remark" column="remark" jdbcType="VARCHAR"/>
        <result property="rootId" column="root_id" jdbcType="INTEGER"/>
    </resultMap>

    <!-- 批量插入 -->
    <insert id="insertBatch" keyProperty="commentId" useGeneratedKeys="true">
        insert into zy-community.zy_comment(create_by, update_by, create_time, update_time, content, parent_id, del_flag, interaction_id, user_id, remark, root_id)
        values
        <foreach collection="entities" item="entity" separator=",">
        (#{entity.createBy}, #{entity.updateBy}, #{entity.createTime}, #{entity.updateTime}, #{entity.content}, #{entity.parentId}, #{entity.delFlag}, #{entity.interactionId}, #{entity.userId}, #{entity.remark}, #{entity.rootId})
        </foreach>
    </insert>
    <!-- 批量插入或按主键更新 -->
    <insert id="insertOrUpdateBatch" keyProperty="commentId" useGeneratedKeys="true">
        insert into zy-community.zy_comment(create_by, update_by, create_time, update_time, content, parent_id, del_flag, interaction_id, user_id, remark, root_id)
        values
        <foreach collection="entities" item="entity" separator=",">
            (#{entity.createBy}, #{entity.updateBy}, #{entity.createTime}, #{entity.updateTime}, #{entity.content}, #{entity.parentId}, #{entity.delFlag}, #{entity.interactionId}, #{entity.userId}, #{entity.remark}, #{entity.rootId})
        </foreach>
        on duplicate key update
         create_by = values(create_by) , update_by = values(update_by) , create_time = values(create_time) , update_time = values(update_time) , content = values(content) , parent_id = values(parent_id) , del_flag = values(del_flag) , interaction_id = values(interaction_id) , user_id = values(user_id) , remark = values(remark) , root_id = values(root_id)     </insert>


    <update id="updDelFlag">
        update zy_comment set del_flag=1 where comment_id=#{id}
    </update>

<!--    <update id="updDelFlag">-->
<!--        delete from zy_comment where comment_id=#{id}-->
<!--    </update>-->

    <select id="getParentIds" resultType="com.example.community.dto.InterCationAndOwner">
    select parent_id from zy_comment where interaction_id=#{id};
    </select>


</mapper>

