<?xml version="1.0" encoding="UTF-8"?>
<!DOCTYPE mapper PUBLIC "-//mybatis.org//DTD Mapper 3.0//EN" "http://mybatis.org/dtd/mybatis-3-mapper.dtd">
<mapper namespace="com.example.community.dao.ZyComplaintSuggestDao">

    <resultMap type="com.example.community.entity.ZyComplaintSuggest" id="ZyComplaintSuggestMap">
        <result property="complaintSuggestId" column="complaint_suggest_id" jdbcType="INTEGER"/>
        <result property="communityId" column="community_id" jdbcType="INTEGER"/>
        <result property="complaintSuggestType" column="complaint_suggest_type" jdbcType="VARCHAR"/>
        <result property="complaintSuggestContent" column="complaint_suggest_content" jdbcType="VARCHAR"/>
        <result property="createBy" column="create_by" jdbcType="VARCHAR"/>
        <result property="createTime" column="create_time" jdbcType="TIMESTAMP"/>
        <result property="updateBy" column="update_by" jdbcType="VARCHAR"/>
        <result property="updateTime" column="update_time" jdbcType="TIMESTAMP"/>
        <result property="remark" column="remark" jdbcType="VARCHAR"/>
        <result property="userId" column="user_id" jdbcType="INTEGER"/>
    </resultMap>

    <!-- 批量插入 -->
    <insert id="insertBatch" keyProperty="complaintSuggestId" useGeneratedKeys="true">
        insert into zy-community.zy_complaint_suggest(community_id, complaint_suggest_type, complaint_suggest_content,
        create_by, create_time, update_by, update_time, remark, user_id)
        values
        <foreach collection="entities" item="entity" separator=",">
            (#{entity.communityId}, #{entity.complaintSuggestType}, #{entity.complaintSuggestContent},
            #{entity.createBy}, #{entity.createTime}, #{entity.updateBy}, #{entity.updateTime}, #{entity.remark},
            #{entity.userId})
        </foreach>
    </insert>
    <!-- 批量插入或按主键更新 -->
    <insert id="insertOrUpdateBatch" keyProperty="complaintSuggestId" useGeneratedKeys="true">
        insert into zy-community.zy_complaint_suggest(community_id, complaint_suggest_type, complaint_suggest_content,
        create_by, create_time, update_by, update_time, remark, user_id)
        values
        <foreach collection="entities" item="entity" separator=",">
            (#{entity.communityId}, #{entity.complaintSuggestType}, #{entity.complaintSuggestContent},
            #{entity.createBy}, #{entity.createTime}, #{entity.updateBy}, #{entity.updateTime}, #{entity.remark},
            #{entity.userId})
        </foreach>
        on duplicate key update
        community_id = values(community_id) , complaint_suggest_type = values(complaint_suggest_type) ,
        complaint_suggest_content = values(complaint_suggest_content) , create_by = values(create_by) , create_time =
        values(create_time) , update_by = values(update_by) , update_time = values(update_time) , remark =
        values(remark) , user_id = values(user_id)
    </insert>
    <update id="updateRemark">
        UPDATE zy_complaint_suggest
        SET remark = #{remark}
        WHERE complaint_suggest_Id = #{id}
    </update>
    <select id="count" resultType="java.lang.Long">
        select count(*) from zy_complaint_suggest zcs
        JOIN zy_owner zy on zcs.user_id=zy.owner_id
        join zy_files zf on zcs.complaint_suggest_id=zf.parent_id
        <where>
            <if test="zyComplaintSuggestDto.complaintSuggestType!=null and zyComplaintSuggestDto.complaintSuggestType !=''">
                and zcs.complaint_suggest_type=#{zyComplaintSuggestDto.complaintSuggestType}
            </if>
            and zcs.community_id=#{id}
        </where>
    </select>
    <select id="selectzyComplaintSuggestDto" resultType="com.example.community.dto.ZyComplaintSuggestDto">
        select
        zcs.complaint_suggest_id,zcs.complaint_suggest_type,zcs.complaint_suggest_content,zcs.create_by,zy.owner_phone_number,zcs.create_time
        ,zcs.remark

        from zy_complaint_suggest zcs
        LEFT JOIN zy_owner zy on zcs.user_id=zy.owner_id

        <where>
            <if test="zyComplaintSuggestDto.complaintSuggestType!=null and zyComplaintSuggestDto.complaintSuggestType !=''">
                and zcs.complaint_suggest_type=#{zyComplaintSuggestDto.complaintSuggestType}
            </if>
            and zcs.community_id=#{id}
        </where>
        order by create_time desc
        limit #{index},#{size}
    </select>
    <select id="getExSuggestList" resultType="com.example.community.dto.ExSuggest">
        select
        zcs.complaint_suggest_id,zcs.complaint_suggest_type,zcs.complaint_suggest_content,zcs.create_by,zy.owner_phone_number,zcs.create_time
        ,zcs.remark
        ,zf.files_url
        from zy_complaint_suggest zcs
        LEFT JOIN zy_owner zy on zcs.user_id=zy.owner_id
        LEFT join zy_files zf on zcs.complaint_suggest_id=zf.parent_id
        where zcs.complaint_suggest_id!=1
        <if test="list!=null">
            and
            zcs.complaint_suggest_id in
            <foreach collection="list" item="num" index="index" open="(" close=")" separator=",">
                #{num}
            </foreach>
        </if>
    </select>


    <!--    <resultMap id="SuggestionDto" type="com.example.community.mini.dto.SuggestAndOwnerDto">-->
    <!--        <id property="complaintSuggestId" column="complaintSuggestId" />-->
    <!--        <result property="openId" column="openId" />-->
    <!--        <collection property="imageUrls" ofType="string">-->
    <!--            <result column="imageUrls" />-->
    <!--        </collection>-->
    <!--        <result property="communityId" column="communityId" />-->
    <!--        <result property="complaintSuggestType" column="complaintSuggestType" />-->
    <!--        <result property="complaintSuggestContent" column="complaintSuggestContent" />-->
    <!--        <result property="createBy" column="createBy" />-->
    <!--        <result property="createTime" column="createTime" />-->
    <!--        <result property="updateBy" column="updateBy" />-->
    <!--        <result property="updateTime" column="updateTime" />-->
    <!--        <result property="remark" column="remark" />-->
    <!--        <result property="userId" column="userId" />-->
    <!--    </resultMap>-->

    <resultMap id="SuggestionDto" type="com.example.community.mini.dto.SuggestAndOwnerDto">
        <id property="complaintSuggestId" column="complaint_suggest_id"></id>
        <result property="openId" column="openId"/>
        <result property="communityId" column="community_id"/>
        <result property="complaintSuggestType" column="complaint_suggest_type"/>
        <result property="complaintSuggestContent" column="complaint_suggest_content"/>
        <result property="createBy" column="create_by"/>
        <result property="createTime" column="create_time" jdbcType="TIMESTAMP"/>
        <result property="updateBy" column="updateBy" />
        <result property="updateTime" column="update_time" jdbcType="TIMESTAMP"/>
        <result property="remark" column="remark"/>
        <result property="userId" column="user_id"/>
        <collection property="imageUrls" ofType="string">
            <result column="files_url"/>
        </collection>
    </resultMap>

    <select id="getSuggestions" resultMap="SuggestionDto">
        SELECT zs.*,zf.files_url from zy_complaint_suggest zs
        left JOIN zy_files zf on zf.parent_id = zs.complaint_suggest_id
        where zs.community_id = #{communityId} and zs.user_id = #{userId}
    </select>
    <select id="getZyComplaintSuggest" resultType="com.example.community.entity.ZyComplaintSuggest">

        select zo.owner_nickname as ownerNickname ,zci.content as complaintSuggestContent,COUNT(*) as count from
            zy_community_interaction zci
            left join zy_comment zc on zci.interaction_id = zc.interaction_id
            left join zy_owner zo on zci.user_id = zo.owner_id
        GROUP BY zci.content,zo.owner_nickname ORDER BY count desc limit 6
        </select>
    <insert id="insertBySuggest">
        INSERT INTO zy_complaint_suggest
        <trim prefix="(" suffix=")" suffixOverrides=",">
            <if test="complaintSuggestId != null">complaint_suggest_id,</if>
            <if test="communityId != null">community_id,</if>
            <if test="complaintSuggestType != null">complaint_suggest_type,</if>
            <if test="complaintSuggestContent != null">complaint_suggest_content,</if>
            <if test="createBy != null">create_by,</if>
            <if test="createTime != null">create_time,</if>
            <if test="updateBy != null">update_by,</if>
            <if test="updateTime != null">update_time,</if>
            <if test="remark != null">remark,</if>
            <if test="userId != null">user_id,</if>
        </trim>
        <trim prefix="VALUES (" suffix=")" suffixOverrides=",">
            <if test="complaintSuggestId != null">#{complaintSuggestId},</if>
            <if test="communityId != null">#{communityId},</if>
            <if test="complaintSuggestType != null">#{complaintSuggestType},</if>
            <if test="complaintSuggestContent != null">#{complaintSuggestContent},</if>
            <if test="createBy != null">#{createBy},</if>
            <if test="createTime != null">#{createTime},</if>
            <if test="updateBy != null">#{updateBy},</if>
            <if test="updateTime != null">#{updateTime},</if>
            <if test="remark != null">#{remark},</if>
            <if test="userId != null">#{userId},</if>
        </trim>
    </insert>
    <insert id="insertFiles">
        insert into zy_files

        <trim prefix="(" suffix=")" suffixOverrides=",">
            files_id,files_url,source,user_id,parent_id,remark
        </trim>
        values
        <foreach collection="files" item="entity" separator=",">
            <trim prefix="(" suffix=")" suffixOverrides=",">
                #{entity.filesId},
                <if test="entity.filesUrl != null and entity.filesUrl != ''">
                    #{entity.filesUrl},
                </if>
                <if test="entity.updateBy != null and entity.updateBy != ''">
                    #{entity.updateBy},
                </if>
                <if test="entity.createBy != null and entity.createBy != ''">
                    #{entity.createBy},
                </if>
                <if test="entity.delFlag != null and entity.delFlag != ''">
                    #{entity.delFlag},
                </if>
                <if test="entity.source != null ">
                    #{entity.source},
                </if>
                <if test="entity.userId != null and entity.userId != ''">
                    #{entity.userId},
                </if>
                <if test="entity.parentId != null and entity.parentId != ''">
                    #{entity.parentId},
                </if>
                <if test="entity.remark != null and entity.remark != ''">
                    #{entity.remark},
                </if>
                <if test="entity.createTime != null ">
                    #{entity.createTime},
                </if>
            </trim>
        </foreach>
    </insert>


</mapper>

