<?xml version="1.0" encoding="UTF-8"?>
<!DOCTYPE mapper PUBLIC "-//mybatis.org//DTD Mapper 3.0//EN" "http://mybatis.org/dtd/mybatis-3-mapper.dtd">
<mapper namespace="com.example.community.dao.ZyFilesDao">

    <resultMap type="com.example.community.entity.ZyFiles" id="ZyFilesMap">
        <result property="filesId" column="files_id" jdbcType="INTEGER"/>
        <result property="filesUrl" column="files_url" jdbcType="VARCHAR"/>
        <result property="createTime" column="create_time" jdbcType="TIMESTAMP"/>
        <result property="updateBy" column="update_by" jdbcType="VARCHAR"/>
        <result property="updateTime" column="update_time" jdbcType="TIMESTAMP"/>
        <result property="createBy" column="create_by" jdbcType="VARCHAR"/>
        <result property="delFlag" column="del_flag" jdbcType="INTEGER"/>
        <result property="source" column="source" jdbcType="INTEGER"/>
        <result property="remark" column="remark" jdbcType="VARCHAR"/>
        <result property="parentId" column="parent_id" jdbcType="INTEGER"/>
        <result property="userId" column="user_id" jdbcType="INTEGER"/>
    </resultMap>

    <!-- 批量插入 -->
    <insert id="insertBatch" keyProperty="filesId" useGeneratedKeys="true">
        insert into zy-community.zy_files(files_url, create_time, update_by, update_time, create_by, del_flag, source, remark, parent_id, user_id)
        values
        <foreach collection="entities" item="entity" separator=",">
        (#{entity.filesUrl}, #{entity.createTime}, #{entity.updateBy}, #{entity.updateTime}, #{entity.createBy}, #{entity.delFlag}, #{entity.source}, #{entity.remark}, #{entity.parentId}, #{entity.userId})
        </foreach>
    </insert>
    <!-- 批量插入或按主键更新 -->
    <insert id="insertOrUpdateBatch" keyProperty="filesId" useGeneratedKeys="true">
        insert into zy-community.zy_files(files_url, create_time, update_by, update_time, create_by, del_flag, source, remark, parent_id, user_id)
        values
        <foreach collection="entities" item="entity" separator=",">
            (#{entity.filesUrl}, #{entity.createTime}, #{entity.updateBy}, #{entity.updateTime}, #{entity.createBy}, #{entity.delFlag}, #{entity.source}, #{entity.remark}, #{entity.parentId}, #{entity.userId})
        </foreach>
        on duplicate key update
         files_url = values(files_url) , create_time = values(create_time) , update_by = values(update_by) , update_time = values(update_time) , create_by = values(create_by) , del_flag = values(del_flag) , source = values(source) , remark = values(remark) , parent_id = values(parent_id) , user_id = values(user_id)     </insert>

    <insert id="insertFilesBatch">
        insert into zy_files(files_id,files_url,create_time,source,remark,parent_id,user_id) values
        <foreach collection="zyFiles" item="file" separator=",">
            (#{file.filesId},#{file.filesUrl},#{file.createTime},#{file.source},#{file.remark},#{file.parentId},#{file.userId})
        </foreach>
    </insert>

</mapper>

