<?xml version="1.0" encoding="UTF-8"?>
<!DOCTYPE mapper PUBLIC "-//mybatis.org//DTD Mapper 3.0//EN" "http://mybatis.org/dtd/mybatis-3-mapper.dtd">
<mapper namespace="com.example.community.dao.ZyOwnerDao">

    <resultMap type="com.example.community.entity.ZyOwner" id="ZyOwnerMap">
        <result property="ownerId" column="owner_id" jdbcType="INTEGER"/>
        <result property="ownerNickname" column="owner_nickname" jdbcType="VARCHAR"/>
        <result property="ownerRealName" column="owner_real_name" jdbcType="VARCHAR"/>
        <result property="ownerGender" column="owner_gender" jdbcType="VARCHAR"/>
        <result property="ownerAge" column="owner_age" jdbcType="INTEGER"/>
        <result property="ownerIdCard" column="owner_id_card" jdbcType="VARCHAR"/>
        <result property="ownerPhoneNumber" column="owner_phone_number" jdbcType="VARCHAR"/>
        <result property="ownerOpenId" column="owner_open_id" jdbcType="VARCHAR"/>
        <result property="ownerWechatId" column="owner_wechat_id" jdbcType="VARCHAR"/>
        <result property="ownerQqNumber" column="owner_qq_number" jdbcType="VARCHAR"/>
        <result property="ownerBirthday" column="owner_birthday" jdbcType="TIMESTAMP"/>
        <result property="ownerPortrait" column="owner_portrait" jdbcType="VARCHAR"/>
        <result property="ownerSignature" column="owner_signature" jdbcType="VARCHAR"/>
        <result property="ownerStatus" column="owner_status" jdbcType="VARCHAR"/>
        <result property="ownerLogonMode" column="owner_logon_mode" jdbcType="VARCHAR"/>
        <result property="ownerType" column="owner_type" jdbcType="VARCHAR"/>
        <result property="ownerPassword" column="owner_password" jdbcType="VARCHAR"/>
        <result property="createBy" column="create_by" jdbcType="VARCHAR"/>
        <result property="createTime" column="create_time" jdbcType="TIMESTAMP"/>
        <result property="updateBy" column="update_by" jdbcType="VARCHAR"/>
        <result property="updateTime" column="update_time" jdbcType="TIMESTAMP"/>
        <result property="remark" column="remark" jdbcType="VARCHAR"/>
    </resultMap>

    <!-- 批量插入 -->
    <insert id="insertBatch" keyProperty="ownerId" useGeneratedKeys="true">
        insert into zy-community.zy_owner(owner_nickname, owner_real_name, owner_gender, owner_age, owner_id_card, owner_phone_number, owner_open_id, owner_wechat_id, owner_qq_number, owner_birthday, owner_portrait, owner_signature, owner_status, owner_logon_mode, owner_type, owner_password, create_by, create_time, update_by, update_time, remark)
        values
        <foreach collection="entities" item="entity" separator=",">
        (#{entity.ownerNickname}, #{entity.ownerRealName}, #{entity.ownerGender}, #{entity.ownerAge}, #{entity.ownerIdCard}, #{entity.ownerPhoneNumber}, #{entity.ownerOpenId}, #{entity.ownerWechatId}, #{entity.ownerQqNumber}, #{entity.ownerBirthday}, #{entity.ownerPortrait}, #{entity.ownerSignature}, #{entity.ownerStatus}, #{entity.ownerLogonMode}, #{entity.ownerType}, #{entity.ownerPassword}, #{entity.createBy}, #{entity.createTime}, #{entity.updateBy}, #{entity.updateTime}, #{entity.remark})
        </foreach>
    </insert>
    <!-- 批量插入或按主键更新 -->
    <insert id="insertOrUpdateBatch" keyProperty="ownerId" useGeneratedKeys="true">
        insert into zy-community.zy_owner(owner_nickname, owner_real_name, owner_gender, owner_age, owner_id_card, owner_phone_number, owner_open_id, owner_wechat_id, owner_qq_number, owner_birthday, owner_portrait, owner_signature, owner_status, owner_logon_mode, owner_type, owner_password, create_by, create_time, update_by, update_time, remark)
        values
        <foreach collection="entities" item="entity" separator=",">
            (#{entity.ownerNickname}, #{entity.ownerRealName}, #{entity.ownerGender}, #{entity.ownerAge}, #{entity.ownerIdCard}, #{entity.ownerPhoneNumber}, #{entity.ownerOpenId}, #{entity.ownerWechatId}, #{entity.ownerQqNumber}, #{entity.ownerBirthday}, #{entity.ownerPortrait}, #{entity.ownerSignature}, #{entity.ownerStatus}, #{entity.ownerLogonMode}, #{entity.ownerType}, #{entity.ownerPassword}, #{entity.createBy}, #{entity.createTime}, #{entity.updateBy}, #{entity.updateTime}, #{entity.remark})
        </foreach>
        on duplicate key update
         owner_nickname = values(owner_nickname) , owner_real_name = values(owner_real_name) , owner_gender = values(owner_gender) , owner_age = values(owner_age) , owner_id_card = values(owner_id_card) , owner_phone_number = values(owner_phone_number) , owner_open_id = values(owner_open_id) , owner_wechat_id = values(owner_wechat_id) , owner_qq_number = values(owner_qq_number) , owner_birthday = values(owner_birthday) , owner_portrait = values(owner_portrait) , owner_signature = values(owner_signature) , owner_status = values(owner_status) , owner_logon_mode = values(owner_logon_mode) , owner_type = values(owner_type) , owner_password = values(owner_password) , create_by = values(create_by) , create_time = values(create_time) , update_by = values(update_by) , update_time = values(update_time) , remark = values(remark)     </insert>
    <update id="updateStatus">
        update   zy_owner_room  set room_status='0' where owner_room_id=#{ownerId}
    </update>
    <update id="updateIdCard">
        UPDATE zy_owner SET owner_real_name = #{ownerRealName} , owner_id_card = #{ownerIdCard} where owner_open_id = #{ownerOpenId};
    </update>
    <select id="getByIdCard" resultType="com.example.community.entity.ZyOwner">
        select * from zy_owner where  owner_id_card = #{ownerIdCard}
    </select>
    <select id="getByOpenId" resultType="com.example.community.entity.ZyOwner">
        select * from zy_owner where owner_open_id = #{openId}
    </select>

    <update id="updateOwnerById">
        update zy_owner
        <set>
            <if test="ownerNickname != null">
                owner_nickname = #{ownerNickname},
            </if>
            <if test="ownerGender != null">
                owner_gender = #{ownerGender},
            </if>
            <if test="ownerBirthday != null">
                owner_birthday = #{ownerBirthday},
            </if>
            <if test="ownerPortrait != null">
                owner_portrait = #{ownerPortrait},
            </if>

        </set>
        where owner_id = #{ownerId}
    </update>


    <select id="selectOwnerRoom" resultType="com.example.community.dto.ZyOwnerRoomDto">
        select zo.owner_nickname,zo.owner_real_name,zo.owner_gender,zor.owner_id,zor.owner_room_id,
        zo.owner_age,zo.owner_id_card,zc.community_id,zu.unit_id,zr.room_id,zb.building_id,
        zo.owner_phone_number,zc.community_name,
        zu.unit_name,zb.building_name,
        zr.room_name,zo.owner_birthday,zor.owner_type
        from zy_owner_room zor
        left JOIN zy_owner zo on zor.owner_id=zo.owner_id
        left JOIN zy_community zc on zc.community_id= zor.community_id
        left JOIN zy_building zb on zb.building_id= zor.building_id
        left JOIN zy_unit zu on zu.unit_id= zor.unit_id
        left JOIN zy_room zr on zr.room_id= zor.room_id
        <where>
            <if test="zyOwnerRoomDto.ownerNickname!=null and zyOwnerRoomDto.ownerNickname!=''">
                and zo.owner_nickname LIKE CONCAT('%',#{zyOwnerRoomDto.ownerNickname},'%')
            </if>
            <if test="zyOwnerRoomDto.ownerRealName!=null and zyOwnerRoomDto.ownerRealName!=''">
                and zo.owner_real_name LIKE CONCAT('%', #{zyOwnerRoomDto.ownerRealName},'%')
            </if>
            <if test="zyOwnerRoomDto.ownerIdCard!=null and zyOwnerRoomDto.ownerIdCard!=''">
                and zo.owner_id_card=#{zyOwnerRoomDto.ownerIdCard}
            </if>
            <if test="zyOwnerRoomDto.ownerPhoneNumber!=null and zyOwnerRoomDto.ownerPhoneNumber!=''">
                and zo.owner_phone_number  LIKE CONCAT('%',#{zyOwnerRoomDto.ownerPhoneNumber},'%')
            </if>
            AND   zor.community_id=#{id} and  zor.room_status='1'
        </where>
        ORDER BY
        zor.create_time desc
        limit #{index},#{size}
    </select>
    <select id="count" resultType="java.lang.Long">
        select COUNT(*) from zy_owner_room zor
        left JOIN zy_owner zo on zor.owner_id=zo.owner_id
        left JOIN zy_community zc on zc.community_id= zor.community_id
        left JOIN zy_building zb on zb.building_id= zor.building_id
        left JOIN zy_unit zu on zu.unit_id= zor.unit_id
        left JOIN zy_room zr on zr.room_id= zor.room_id
        <where>
            <if test="zyOwnerRoomDto.ownerNickname!=null and zyOwnerRoomDto.ownerNickname!=''">
                and zo.owner_nickname LIKE CONCAT('%',#{zyOwnerRoomDto.ownerNickname},'%')
            </if>
            <if test="zyOwnerRoomDto.ownerRealName!=null and zyOwnerRoomDto.ownerRealName!=''">
                and zo.owner_real_name LIKE CONCAT('%', #{zyOwnerRoomDto.ownerRealName},'%')
            </if>
            <if test="zyOwnerRoomDto.ownerIdCard!=null and zyOwnerRoomDto.ownerIdCard!=''">
                and zo.owner_id_card=#{zyOwnerRoomDto.ownerIdCard}
            </if>
            <if test="zyOwnerRoomDto.ownerPhoneNumber!=null and zyOwnerRoomDto.ownerPhoneNumber!=''">
                and zo.owner_phone_number  LIKE CONCAT('%',#{zyOwnerRoomDto.ownerPhoneNumber},'%')
            </if>
            AND   zor.community_id=#{id} and  zor.room_status='1'
        </where>
    </select>
    <select id="getzyOwnerRoomDtoList" resultType="com.example.community.dto.ExZyOwnerRoom">
        select zo.owner_nickname,zo.owner_real_name,zo.owner_gender,zor.owner_id,zor.owner_room_id,
        zo.owner_age,zo.owner_id_card,
        zo.owner_phone_number,zc.community_name,
        zu.unit_name,zb.building_name,
        zr.room_name,zo.owner_birthday,zor.owner_type
        from zy_owner_room zor
        left JOIN zy_owner zo on zor.owner_id=zo.owner_id
        left JOIN zy_community zc on zc.community_id= zor.community_id
        left JOIN zy_building zb on zb.building_id= zor.building_id
        left JOIN zy_unit zu on zu.unit_id= zor.unit_id
        left JOIN zy_room zr on zr.room_id= zor.room_id
        where zo.owner_id !=1 and  zor.room_status='1'
        <if test="list!=null">
            and
            zo.owner_id in
            <foreach collection="list" item="num" index="index" open="(" close=")" separator=",">
                #{num}
            </foreach>
        </if>
    </select>


    <select id="selectCommentByInteractionId" resultType="com.example.community.dto.InterCationAndOwner">
               select * from zy_comment zc
                left join zy_community_interaction zci on zc.interaction_id = zci.interaction_id
                left join zy_owner zo on zo.owner_id = zc.user_id
                where zci.del_flag = 0 and zc.del_flag = 0 and zci.interaction_id = #{id}

    </select>
</mapper>

